Date,Open,High,Low,Close
8/21/2007,884,885,884,885
8/22/2007,885,885,885,885
8/30/2007,885,870,870,870
8/30/2007,885,870,870,870
9/3/2007,870,870,870,870
9/9/2007,870,870,870,870
9/10/2007,870,870,870,870
9/11/2007,870,870,870,870
9/12/2007,870,880,880,880
9/13/2007,880,880,880,880
9/17/2007,880,880,880,880
9/18/2007,880,885,868,870
9/19/2007,870,885,880,885
9/20/2007,885,885,885,885
9/23/2007,885,880,880,880
9/24/2007,880,897,875,875
9/26/2007,875,892,892,892
9/27/2007,892,909,900,905
9/30/2007,905,895,895,895
10/1/2007,895,885,885,885
10/3/2007,885,885,885,885
10/4/2007,885,885,875,885
10/7/2007,885,891,880,891
10/8/2007,891,874,874,874
10/10/2007,874,885,870,885
10/14/2007,885,902,902,902
10/15/2007,902,884,884,884
10/17/2007,885,885,885,885
10/28/2007,885,884,884,884
10/29/2007,884,884,884,884
10/31/2007,884,885,885,885
11/1/2007,885,890,890,890
11/4/2007,890,890,890,890
11/5/2007,890,890,890,890
11/6/2007,890,892,892,892
11/7/2007,892,892,892,892
11/8/2007,892,890,890,890
11/12/2007,890,893,892,893
11/13/2007,893,900,900,900
11/14/2007,900,936,900,936
11/15/2007,936,925,925,925
11/18/2007,925,925,925,925
11/20/2007,925,925,925,925
11/21/2007,925,925,925,925
11/22/2007,925,931,925,931
11/25/2007,931,967,949,967
11/26/2007,967,986,986,986
11/28/2007,986,1065,1005,1065
11/29/2007,1065,1086,1086,1086
12/2/2007,1086,1107,1107,1107
12/3/2007,1107,1215,1129,1215
12/4/2007,1215,1290,1239,1265
12/5/2007,1265,1251,1251,1251
12/10/2007,1251,1276,1275,1276
12/11/2007,1276,1325,1300,1325
12/12/2007,1325,1350,1350,1350
12/13/2007,1350,1404,1377,1404
12/17/2007,1404,1432,1432,1432
12/18/2007,1432,1489,1460,1489
12/19/2007,1489,1520,1518,1520
12/20/2007,1520,1591,1550,1591
12/23/2007,1591,1630,1622,1630
12/24/2007,1630,1695,1662,1665
12/25/2007,1665,1650,1650,1650
12/26/2007,1650,1649,1593,1593
12/27/2007,1593,1562,1501,1520
1/7/2008,1520,1490,1376,1376
1/8/2008,1376,1360,1239,1239
1/9/2008,1239,1313,1263,1290
1/10/2008,1290,1394,1315,1394
1/13/2008,1394,1385,1385,1385
1/14/2008,1385,1360,1333,1333
1/16/2008,1333,1307,1231,1231
1/17/2008,1231,1207,1183,1183
1/20/2008,1183,1206,1183,1183
1/21/2008,1183,1165,1137,1165
1/22/2008,1165,1165,1165,1165
1/23/2008,1165,1220,1165,1200
1/24/2008,1200,1176,1176,1176
1/27/2008,1176,1153,1153,1153
1/29/2008,1153,1130,1086,1086
2/3/2008,1086,1065,1065,1065
2/4/2008,1065,1044,1024,1024
2/5/2008,1024,1004,1004,1004
2/7/2008,1004,1024,1004,1024
2/24/2008,1024,1004,965,965
2/25/2008,965,946,930,930
2/26/2008,930,915,912,912
2/28/2008,912,900,900,900
3/2/2008,900,910,900,900
3/4/2008,900,911,906,911
3/5/2008,911,929,929,929
3/9/2008,929,940,929,940
3/11/2008,940,940,922,922
3/12/2008,922,904,882,882
3/13/2008,882,865,865,865
3/16/2008,865,848,848,848
3/17/2008,848,832,816,816
3/18/2008,816,800,800,800
3/19/2008,800,795,784,784
3/19/2008,800,795,784,784
3/23/2008,784,832,799,832
3/24/2008,832,864,848,864
3/25/2008,864,915,881,915
3/26/2008,915,944,926,926
3/27/2008,926,944,944,944
3/31/2008,944,926,926,926
4/1/2008,926,930,926,930
4/3/2008,930,1004,948,1004
4/6/2008,1004,1024,1024,1024
4/20/2008,1024,1004,1004,1024
4/21/2008,1024,984,965,965
4/24/2008,965,1003,984,1000
4/27/2008,1000,980,980,980
4/29/2008,980,961,961,961
5/5/2008,961,961,961,961
5/7/2008,961,995,980,995
5/7/2008,961,995,980,995
5/8/2008,995,978,978,978
5/11/2008,978,997,997,997
5/12/2008,997,997,978,980
5/12/2008,997,997,978,980
5/13/2008,980,962,961,962
5/15/2008,962,981,981,981
5/18/2008,981,990,980,980
5/22/2008,980,980,980,980
5/25/2008,980,999,970,999
5/26/2008,999,1038,999,1038
6/2/2008,1038,1071,1050,1071
6/5/2008,1071,1071,1071,1071
6/11/2008,1071,1092,1092,1092
6/16/2008,1092,1100,1100,1100
6/17/2008,1100,1080,1060,1060
6/18/2008,1060,1082,1081,1082
6/19/2008,1082,1091,1090,1091
6/22/2008,1091,1085,1082,1085
6/23/2008,1085,1090,1081,1090
6/24/2008,1090,1100,1090,1100
6/25/2008,1100,1100,1078,1078
6/26/2008,1078,1065,1065,1065
7/3/2008,1065,1080,1065,1080
7/6/2008,1080,1070,1020,1020
7/7/2008,1020,1025,1012,1012
7/16/2008,1012,1012,1012,1012
7/17/2008,1012,1030,1030,1030
7/27/2008,1030,1040,1030,1030
7/31/2008,1030,1040,1020,1040
8/4/2008,1040,1020,1020,1020
8/5/2008,1020,1025,1025,1025
8/7/2008,1025,1030,1025,1025
8/12/2008,1025,1031,1030,1031
8/13/2008,1031,1093,1051,1072
8/14/2008,1072,1072,1072,1072
8/18/2008,1072,1070,1069,1069
8/19/2008,1069,1076,1075,1075
8/24/2008,1075,1060,1055,1060
8/25/2008,1060,1055,1050,1055
8/26/2008,1055,1073,1050,1053
8/27/2008,1053,1053,1050,1050
8/28/2008,1050,1050,1040,1050
8/31/2008,1050,1060,1050,1050
9/1/2008,1050,1071,1040,1040
9/2/2008,1040,1020,1010,1010
9/3/2008,1010,1000,1000,1000
9/4/2008,1000,1000,995,1000
9/7/2008,1000,980,980,980
9/8/2008,980,980,942,960
9/9/2008,960,978,960,978
9/10/2008,978,965,960,960
9/15/2008,960,976,970,976
9/16/2008,976,975,970,975
9/16/2008,976,975,970,975
9/17/2008,975,960,960,960
9/23/2008,960,979,970,975
9/24/2008,975,994,960,965
9/25/2008,965,961,955,960
9/29/2008,960,975,975,975
10/12/2008,975,975,975,975
10/13/2008,975,980,975,980
10/15/2008,980,990,990,990
10/16/2008,990,995,995,995
10/20/2008,995,976,960,960
10/27/2008,960,979,979,979
11/5/2008,979,960,960,960
11/19/2008,960,960,960,960
11/27/2008,960,960,960,960
12/1/2008,960,941,941,941
12/4/2008,941,959,959,959
12/7/2008,959,940,940,940
12/8/2008,940,923,922,923
12/8/2008,940,923,922,923
12/10/2008,923,923,923,923
12/11/2008,923,940,925,930
12/14/2008,930,935,930,930
12/16/2008,930,930,930,930
12/22/2008,930,915,910,910
2/2/2009,910,892,819,819
2/4/2009,819,825,793,793
2/5/2009,793,778,778,778
2/11/2009,778,763,748,762
2/12/2009,762,747,747,747
2/16/2009,747,750,750,750
2/17/2009,750,740,740,740
2/19/2009,740,750,750,750
2/22/2009,750,750,746,750
2/26/2009,810,875,826,875
3/3/2009,875,860,843,843
3/8/2009,843,827,827,827
3/11/2009,830,830,830,830
3/25/2009,830,814,814,814
3/29/2009,814,814,814,814
3/30/2009,814,814,814,814
4/6/2009,814,813,813,813
4/22/2009,813,797,770,770
4/26/2009,770,755,750,750
4/27/2009,750,735,693,693
4/29/2009,693,680,680,680
4/30/2009,680,670,665,665
5/3/2009,665,665,665,665
5/4/2009,665,675,662,662
5/19/2009,662,655,655,655
5/20/2009,655,694,668,694
5/25/2009,694,685,685,685
5/27/2009,685,685,672,685
5/28/2009,685,725,698,725
6/2/2009,725,725,725,725
6/3/2009,725,711,711,711
6/4/2009,711,700,690,690
6/10/2009,690,690,690,690
6/17/2009,690,677,677,677
6/18/2009,677,690,690,690
6/23/2009,690,677,677,677
6/25/2009,677,664,664,664
6/30/2009,664,670,657,657
7/5/2009,657,670,670,670
7/6/2009,670,670,660,660
7/9/2009,660,680,660,680
8/4/2009,680,670,670,670
8/12/2009,670,683,666,680
8/19/2009,680,671,670,671
8/24/2009,671,710,684,709
9/2/2009,709,695,683,685
9/6/2009,685,688,675,688
9/7/2009,688,685,680,680
9/9/2009,680,690,690,690
9/10/2009,690,700,700,700
9/13/2009,700,700,700,700
9/15/2009,700,713,713,713
9/17/2009,713,700,700,700
10/5/2009,700,700,690,700
10/25/2009,700,700,700,700
10/28/2009,700,686,686,686
11/17/2009,686,680,680,680
11/22/2009,680,693,693,693
11/30/2009,693,693,693,693
12/3/2009,693,680,680,680
12/14/2009,680,680,680,680
12/17/2009,680,680,680,680
12/22/2009,680,695,693,695
12/24/2009,695,690,690,690
12/27/2009,690,690,690,690
12/28/2009,690,690,690,690
12/29/2009,690,677,677,677
12/31/2009,677,690,690,690
1/3/2010,690,680,680,680
1/4/2010,680,680,680,680
1/10/2010,680,667,654,654
1/11/2010,654,654,650,650
1/27/2010,654,660,660,660
1/31/2010,660,660,660,660
2/1/2010,660,660,660,660
2/3/2010,660,670,670,670
2/4/2010,670,670,670,670
2/8/2010,670,670,670,670
2/10/2010,670,670,670,670
2/11/2010,670,681,680,681
2/16/2010,681,681,681,681
3/3/2010,681,686,685,686
3/4/2010,686,680,680,680
3/9/2010,680,705,693,700
3/17/2010,700,686,673,673
3/23/2010,673,660,660,660
3/28/2010,660,647,647,647
4/1/2010,647,647,635,647
4/4/2010,647,647,647,647
4/12/2010,647,635,635,635
4/27/2010,635,623,623,623
4/29/2010,623,611,588,588
5/9/2010,588,577,566,566
5/11/2010,566,566,566,566
5/17/2010,566,555,535,535
5/18/2010,535,540,530,540
5/20/2010,540,540,530,535
5/30/2010,535,545,545,545
6/1/2010,545,555,555,555
6/2/2010,555,610,566,610
6/3/2010,610,671,622,671
6/9/2010,671,697,684,697
6/15/2010,697,685,685,685
6/20/2010,685,672,659,659
6/21/2010,659,646,623,623
6/22/2010,623,611,611,611
6/24/2010,611,600,600,600
6/28/2010,600,595,595,595
6/29/2010,595,596,590,596
7/4/2010,596,601,590,601
7/5/2010,601,607,600,607
7/7/2010,607,610,607,610
7/8/2010,610,601,601,601
7/11/2010,601,600,588,588
7/12/2010,588,585,585,585
7/13/2010,585,574,574,574
7/14/2010,574,581,581,581
7/15/2010,581,580,580,580
7/20/2010,580,590,590,590
7/22/2010,590,601,601,601
7/25/2010,601,600,591,591
7/26/2010,591,580,580,580
7/27/2010,580,569,569,569
7/29/2010,569,558,558,558
8/2/2010,558,558,557,557
8/8/2010,557,568,568,568
8/10/2010,568,601,579,601
8/11/2010,601,612,612,612
8/12/2010,612,612,600,608
8/15/2010,608,598,598,598
8/16/2010,598,587,587,587
8/18/2010,587,585,585,585
8/19/2010,585,586,586,586
8/29/2010,586,580,580,580
8/30/2010,580,580,580,580
9/2/2010,580,580,580,580
9/6/2010,580,576,575,576
9/7/2010,576,588,575,588
9/8/2010,588,599,599,599
9/12/2010,599,600,600,600
9/14/2010,600,600,600,600
9/15/2010,600,610,604,610
9/16/2010,610,610,600,600
9/19/2010,600,590,590,590
9/21/2010,590,590,589,590
9/26/2010,590,590,590,590
9/27/2010,590,590,580,580
9/28/2010,580,580,580,580
9/29/2010,580,571,570,571
9/30/2010,571,571,571,571
10/3/2010,571,582,571,582
10/6/2010,582,582,582,582
10/11/2010,582,582,582,582
10/12/2010,582,580,572,572
10/26/2010,572,570,570,570
11/1/2010,570,561,560,561
11/2/2010,561,555,555,555
11/3/2010,555,565,560,565
11/9/2010,565,581,570,581
11/10/2010,581,639,592,639
11/11/2010,639,651,638,638
11/14/2010,638,648,636,636
11/16/2010,636,625,625,625
11/21/2010,625,649,637,649
11/22/2010,649,641,641,641
11/24/2010,641,651,650,651
11/25/2010,651,660,651,660
11/28/2010,660,660,660,660
11/29/2010,660,660,660,660
11/30/2010,660,650,650,650
12/1/2010,650,650,650,650
12/2/2010,650,640,640,640
12/5/2010,640,650,650,650
12/7/2010,650,640,628,628
12/8/2010,628,628,628,628
12/9/2010,628,625,615,615
12/26/2010,615,615,615,615
12/28/2010,615,620,620,620
1/2/2011,620,620,620,620
1/4/2011,620,630,630,630
1/18/2011,630,620,620,620
1/23/2011,620,632,632,632
2/8/2011,632,632,632,632
2/13/2011,632,640,630,640
2/14/2011,640,652,652,652
2/15/2011,652,655,654,654
2/17/2011,654,650,650,650
2/28/2011,650,650,650,650
3/1/2011,650,663,645,663
3/7/2011,663,676,676,676
3/15/2011,676,663,645,645
3/17/2011,645,633,621,621
3/20/2011,621,620,620,620
3/23/2011,620,630,630,630
3/29/2011,630,630,618,618
3/30/2011,618,607,606,606
3/31/2011,606,600,600,600
4/19/2011,600,609,588,588
4/20/2011,588,577,556,556
4/21/2011,556,554,545,554
4/25/2011,554,550,550,550
5/2/2011,550,550,545,545
5/3/2011,545,535,535,535
5/5/2011,535,525,525,525
5/8/2011,525,520,520,520
5/10/2011,520,520,520,520
5/11/2011,520,510,500,500
5/15/2011,500,510,510,510
5/19/2011,510,500,500,500
5/22/2011,500,492,490,492
5/23/2011,492,490,481,490
5/30/2011,490,490,490,490
6/2/2011,490,484,484,484
6/6/2011,484,484,475,475
6/13/2011,475,466,466,466
6/15/2011,466,457,448,448
6/16/2011,448,448,448,448
6/21/2011,448,480,445,480
6/30/2011,480,480,480,480
7/3/2011,480,480,453,453
7/4/2011,453,445,430,435
7/5/2011,435,430,430,430
7/10/2011,430,428,425,428
7/11/2011,407,415,407,415
7/17/2011,415,439,423,439
7/19/2011,439,431,431,431
7/20/2011,431,466,439,466
7/24/2011,466,475,475,475
7/25/2011,475,484,475,484
7/26/2011,484,486,486,486
7/28/2011,486,481,481,481
8/1/2011,481,499,490,499
8/2/2011,499,528,508,528
8/3/2011,528,538,538,538
8/4/2011,538,548,538,548
8/7/2011,548,550,548,550
8/9/2011,550,561,550,560
8/10/2011,560,572,562,562
8/17/2011,562,565,565,565
8/22/2011,565,554,533,543
8/23/2011,543,543,543,543
8/28/2011,543,545,543,545
8/30/2011,545,545,545,545
9/1/2011,545,545,545,545
9/6/2011,545,535,525,525
9/29/2011,525,535,515,535
10/9/2011,535,535,535,535
10/12/2011,535,550,540,550
10/13/2011,550,560,560,560
10/17/2011,560,565,560,560
10/18/2011,560,570,560,560
10/19/2011,560,559,549,559
10/23/2011,559,565,565,565
10/24/2011,565,576,576,576
10/30/2011,576,576,565,576
10/31/2011,576,593,582,593
11/10/2011,593,600,593,600
11/17/2011,600,590,580,580
11/23/2011,580,580,580,580
12/7/2011,580,569,548,548
12/8/2011,548,545,545,545
12/11/2011,545,545,505,505
12/14/2011,505,505,500,500
12/15/2011,500,500,490,490
12/22/2011,490,481,481,481
12/26/2011,481,481,481,481
12/29/2011,481,482,482,482
1/2/2012,482,500,491,500
1/4/2012,500,490,481,481
1/9/2012,481,490,490,490
1/17/2012,490,518,499,518
1/22/2012,518,528,516,528
1/23/2012,528,520,519,519
1/26/2012,519,528,528,528
1/31/2012,528,528,520,520
2/2/2012,520,521,521,521
2/5/2012,521,525,521,521
2/6/2012,521,525,521,521
2/7/2012,521,525,515,525
2/8/2012,525,525,521,521
2/12/2012,521,521,521,521
2/14/2012,521,515,515,515
2/15/2012,515,506,506,506
2/16/2012,506,516,516,516
2/23/2012,516,517,516,517
2/29/2012,517,550,520,542
3/6/2012,542,560,552,560
3/12/2012,560,569,551,569
3/13/2012,569,575,570,575
3/18/2012,575,575,575,575
3/19/2012,575,571,555,571
3/20/2012,571,567,565,567
3/21/2012,567,575,570,575
3/28/2012,575,571,571,571
3/29/2012,571,571,571,571
4/2/2012,571,571,571,571
4/4/2012,571,596,582,596
4/5/2012,596,605,605,605
4/10/2012,605,600,600,600
4/12/2012,600,620,612,620
4/17/2012,620,608,608,608
4/19/2012,608,620,620,620
4/26/2012,620,656,620,656
4/29/2012,656,708,669,708
4/30/2012,708,736,720,736
5/2/2012,736,750,750,750
5/3/2012,750,765,765,765
5/7/2012,765,780,780,780
5/8/2012,780,795,795,795
5/9/2012,795,810,795,810
5/10/2012,810,837,805,821
5/16/2012,821,857,825,857
5/17/2012,857,908,870,908
5/20/2012,908,900,883,900
5/21/2012,900,917,900,917
5/22/2012,917,899,882,882
5/23/2012,882,865,865,865
5/24/2012,865,851,840,840
5/27/2012,840,840,824,840
5/29/2012,840,824,777,777
5/30/2012,777,770,760,760
5/31/2012,760,780,765,780
6/3/2012,780,795,795,795
6/4/2012,795,800,784,785
6/5/2012,785,770,757,757
6/6/2012,757,750,743,743
6/7/2012,743,730,730,730
6/10/2012,730,731,731,731
6/11/2012,731,748,742,748
6/12/2012,748,777,762,775
6/13/2012,775,770,770,770
6/14/2012,770,755,743,743
6/19/2012,743,743,743,743
6/20/2012,743,747,743,747
6/21/2012,747,745,745,745
6/25/2012,745,759,759,759
6/26/2012,759,745,744,745
6/28/2012,745,750,750,750
7/1/2012,750,780,765,775
7/3/2012,775,790,760,760
7/4/2012,760,790,760,760
7/5/2012,760,775,760,775
7/8/2012,775,790,761,762
7/9/2012,762,838,777,838
7/10/2012,838,918,854,918
7/11/2012,918,917,886,890
7/12/2012,890,889,870,880
7/15/2012,880,870,865,870
7/16/2012,870,880,875,879
7/19/2012,879,896,896,896
7/22/2012,896,913,913,913
7/24/2012,913,901,901,901
7/25/2012,901,908,883,908
7/26/2012,908,926,908,926
7/29/2012,926,926,926,926
7/30/2012,926,926,926,926
8/1/2012,926,920,920,920
8/6/2012,920,938,925,928
8/7/2012,928,910,910,910
8/8/2012,910,900,900,900
8/12/2012,900,935,910,917
8/13/2012,917,935,920,935
8/16/2012,935,961,950,961
8/19/2012,961,960,924,960
8/21/2012,960,942,942,942
8/22/2012,942,942,924,924
8/23/2012,924,953,935,953
8/26/2012,953,960,960,960
8/27/2012,960,970,970,970
8/28/2012,970,951,950,950
8/30/2012,950,950,950,950
9/2/2012,950,950,950,950
9/3/2012,950,960,960,960
9/6/2012,960,999,960,999
9/9/2012,999,1058,995,1037
9/10/2012,1037,1140,1050,1140
9/11/2012,1140,1183,1078,1183
9/12/2012,1183,1206,1200,1200
9/13/2012,1200,1272,1180,1180
9/16/2012,1180,1248,1181,1248
9/17/2012,1248,1224,1190,1191
9/18/2012,1191,1238,1199,1213
9/19/2012,1213,1249,1200,1200
9/20/2012,1200,1201,1181,1200
9/23/2012,1200,1195,1180,1190
9/24/2012,1190,1210,1170,1210
9/25/2012,1210,1210,1186,1210
9/26/2012,1210,1210,1210,1210
9/27/2012,1210,1230,1200,1230
9/30/2012,1230,1224,1206,1210
10/1/2012,1210,1323,1225,1322
10/2/2012,1322,1343,1293,1343
10/3/2012,1343,1317,1219,1286
10/4/2012,1286,1291,1230,1291
10/7/2012,1291,1310,1290,1310
10/9/2012,1310,1284,1235,1254
10/10/2012,1254,1299,1250,1290
10/11/2012,1290,1324,1299,1299
10/14/2012,1299,1299,1274,1299
10/15/2012,1299,1274,1230,1230
10/18/2012,1230,1250,1225,1225
10/30/2012,1225,1253,1205,1253
10/31/2012,1253,1300,1278,1300
11/1/2012,1300,1320,1294,1294
11/5/2012,1294,1320,1305,1320
11/6/2012,1320,1340,1320,1320
11/8/2012,1320,1339,1315,1339
11/11/2012,1339,1320,1313,1313
11/18/2012,1313,1380,1320,1380
11/20/2012,1380,1406,1406,1406
11/21/2012,1406,1450,1393,1393
11/22/2012,1393,1415,1395,1395
11/25/2012,1395,1399,1399,1399
12/3/2012,1399,1372,1268,1340
12/4/2012,1340,1385,1314,1380
12/5/2012,1380,1382,1355,1360
12/6/2012,1360,1328,1276,1280
12/9/2012,1280,1326,1300,1326
12/10/2012,1326,1360,1300,1360
12/11/2012,1360,1410,1355,1355
12/12/2012,1355,1380,1346,1375
12/13/2012,1375,1410,1375,1410
1/2/2013,870,887,887,887
1/3/2013,887,958,904,958
1/6/2013,958,996,977,996
1/7/2013,996,1035,1015,1035
1/8/2013,1035,1055,1055,1055
1/9/2013,1055,1070,1070,1070
1/10/2013,1070,1156,1091,1156
1/15/2013,1179,1190,1180,1180
2/3/2013,1180,1157,1134,1134
2/12/2013,1134,1112,1055,1055
2/13/2013,1055,1034,994,994
2/14/2013,994,990,937,937
2/17/2013,937,974,955,974
2/19/2013,974,993,993,993
2/20/2013,993,993,974,974
2/21/2013,974,993,960,993
2/24/2013,993,999,993,999
2/25/2013,999,980,980,980
2/26/2013,980,980,950,950
2/27/2013,950,960,950,960
2/28/2013,960,979,979,979
3/3/2013,979,962,962,962
3/5/2013,962,962,950,960
3/6/2013,960,979,975,975
3/7/2013,975,970,955,970
3/11/2013,970,989,982,982
3/13/2013,982,1030,981,1010
3/14/2013,1010,1050,1030,1035
3/18/2013,1020,1011,991,995
3/25/2013,995,990,980,980
3/28/2013,980,993,975,980
3/31/2013,980,1000,961,1000
4/1/2013,1000,1000,1000,1000
4/2/2013,1000,1000,1000,1000
4/3/2013,1000,1013,1010,1013
4/4/2013,1013,1020,1020,1020
4/7/2013,1020,1000,1000,1000
4/8/2013,1000,1025,1020,1025
4/9/2013,1025,1008,1005,1008
4/11/2013,1008,1030,1020,1030
4/15/2013,1030,1030,1010,1030
4/16/2013,1030,1030,1025,1029
4/17/2013,980,1045,980,1045
4/18/2013,1045,1040,1031,1031
4/21/2013,1031,1020,1015,1020
4/22/2013,1020,1000,1000,1000
4/23/2013,1000,1000,980,999
4/28/2013,999,1005,988,1000
4/29/2013,1000,1020,988,990
4/30/2013,990,998,975,988
5/2/2013,988,985,970,970
5/5/2013,970,989,975,980
5/6/2013,980,974,966,966
5/7/2013,966,984,947,965
5/8/2013,965,980,965,967
5/9/2013,967,975,968,968
5/12/2013,949,975,975,975
5/13/2013,975,1000,972,1000
5/14/2013,1000,1040,1014,1040
5/15/2013,1040,1061,1020,1050
5/16/2013,1050,1100,1070,1100
5/19/2013,1100,1101,1100,1101
5/20/2013,1101,1112,1100,1110
5/21/2013,1110,1151,1125,1150
5/22/2013,1150,1131,1130,1130
5/23/2013,1130,1147,1110,1110
5/27/2013,1110,1221,1132,1221
5/28/2013,1221,1269,1244,1260
6/2/2013,1260,1250,1220,1235
6/3/2013,1235,1220,1196,1196
6/4/2013,1196,1181,1173,1181
6/5/2013,1181,1175,1175,1175
6/6/2013,1175,1198,1198,1198
6/9/2013,1198,1175,1175,1175
6/10/2013,1175,1152,1152,1152
6/11/2013,1152,1175,1175,1175
6/12/2013,1175,1185,1185,1185
6/13/2013,1185,1204,1190,1200
6/18/2013,1200,1190,1167,1170
6/19/2013,1170,1185,1175,1177
6/20/2013,1177,1180,1175,1180
6/23/2013,1180,1175,1170,1170
6/24/2013,1170,1184,1175,1175
6/25/2013,1175,1175,1175,1175
6/26/2013,1175,1175,1175,1175
6/27/2013,1175,1174,1162,1174
6/30/2013,1174,1185,1175,1185
7/1/2013,1185,1210,1170,1210
7/2/2013,1210,1190,1190,1190
7/3/2013,1190,1205,1176,1200
7/4/2013,1200,1226,1176,1225
7/7/2013,1225,1230,1226,1229
7/8/2013,1229,1215,1215,1215
7/9/2013,1215,1270,1239,1268
7/10/2013,1270,1320,1290,1308
7/11/2013,1308,1300,1300,1300
7/14/2013,1300,1350,1301,1301
7/15/2013,1301,1335,1275,1320
7/16/2013,1320,1330,1310,1330
7/17/2013,1330,1340,1330,1340
7/18/2013,1340,1366,1365,1366
7/21/2013,1366,1418,1380,1418
7/22/2013,1418,1390,1390,1390
7/23/2013,1390,1435,1390,1435
7/24/2013,1435,1458,1430,1430
7/25/2013,1430,1484,1455,1475
7/28/2013,1475,1570,1475,1570
7/29/2013,1570,1590,1541,1590
7/30/2013,1590,1620,1560,1620
7/31/2013,1620,1615,1588,1610
8/1/2013,1610,1605,1591,1605
8/4/2013,1605,1636,1600,1610
8/5/2013,1610,1595,1580,1580
8/6/2013,1580,1611,1590,1596
8/7/2013,1596,1620,1590,1610
8/8/2013,1610,1620,1600,1600
8/11/2013,1600,1664,1625,1664
8/12/2013,1664,1640,1640,1640
8/13/2013,1640,1649,1640,1644
8/14/2013,1644,1625,1625,1625
8/15/2013,1625,1630,1570,1570
8/18/2013,1570,1690,1601,1690
8/19/2013,1690,1698,1640,1660
8/20/2013,1660,1669,1601,1669
8/25/2013,1669,1670,1610,1655
8/26/2013,1344,1320,1310,1310
8/27/2013,1310,1310,1310,1310
8/29/2013,1310,1306,1306,1306
9/1/2013,1306,1350,1316,1350
9/2/2013,1350,1485,1375,1485
9/3/2013,1485,1514,1510,1514
9/4/2013,1514,1500,1500,1500
9/5/2013,1500,1500,1500,1500
9/8/2013,1500,1500,1500,1500
9/9/2013,1500,1510,1510,1510
9/11/2013,1510,1500,1480,1500
9/12/2013,1500,1470,1470,1470
9/16/2013,1470,1465,1455,1465
9/17/2013,1465,1468,1440,1468
9/19/2013,1468,1480,1439,1480
9/23/2013,1480,1460,1460,1460
9/25/2013,1460,1450,1450,1450
9/29/2013,1400,1391,1391,1391
9/30/2013,1391,1391,1385,1391
10/1/2013,1391,1395,1395,1395
10/3/2013,1395,1381,1380,1380
10/8/2013,1380,1400,1395,1395
10/10/2013,1400,1375,1375,1375
10/21/2013,1375,1402,1402,1402
10/22/2013,1402,1400,1400,1400
10/24/2013,1400,1391,1391,1391
10/27/2013,1391,1400,1373,1373
10/29/2013,1373,1372,1346,1372
10/30/2013,1372,1399,1399,1399
10/31/2013,1399,1453,1373,1450
11/6/2013,1453,1454,1453,1454
11/7/2013,1454,1512,1483,1512
11/10/2013,1512,1663,1542,1631
11/11/2013,1631,1729,1663,1729
11/13/2013,1729,1763,1740,1763
11/14/2013,1763,1798,1750,1750
11/24/2013,1750,1820,1785,1820
11/25/2013,1820,1856,1856,1856
11/26/2013,1856,1870,1819,1870
11/27/2013,1870,1888,1850,1888
11/28/2013,1888,2076,1925,2076
12/1/2013,2076,2150,2117,2150
12/2/2013,2150,2235,2160,2235
12/3/2013,2235,2191,2191,2191
12/4/2013,2191,2148,2106,2106
12/5/2013,2106,2100,2000,2000
12/8/2013,2000,2000,1930,1930
12/9/2013,1930,1950,1900,1911
12/10/2013,1911,1975,1900,1951
12/11/2013,1951,2010,1950,1995
12/12/2013,1995,2050,2000,2000
12/15/2013,2000,2040,1980,1981
12/16/2013,1981,2050,2019,2050
12/18/2013,2050,2120,2050,2070
12/19/2013,2070,2072,1990,2071
12/22/2013,2071,2278,2100,2278
12/23/2013,2278,2505,2320,2505
12/24/2013,2505,2550,2420,2460
12/26/2013,2460,2460,2450,2460
12/29/2013,2460,2420,2372,2400
1/1/2014,2490,2460,2375,2375
1/2/2014,2375,2400,2311,2400
1/5/2014,2400,2490,2400,2490
1/6/2014,2490,2495,2470,2490
1/7/2014,2366,2575,2320,2575
1/8/2014,2575,2760,2626,2630
1/9/2014,2630,2700,2578,2660
1/12/2014,2660,2662,2609,2635
1/13/2014,2635,2640,2630,2630
1/14/2014,2630,2630,2590,2630
1/16/2014,2630,2650,2598,2598
1/19/2014,2598,2598,2547,2590
1/20/2014,2590,2540,2539,2539
1/21/2014,2539,2500,2450,2450
1/22/2014,2450,2499,2425,2450
1/23/2014,2450,2501,2450,2500
1/26/2014,2500,2450,2450,2450
1/27/2014,2450,2401,2400,2400
1/28/2014,2400,2435,2353,2435
1/29/2014,2435,2460,2430,2430
2/2/2014,2430,2430,2400,2430
2/3/2014,2430,2550,2452,2550
2/4/2014,2550,2575,2540,2540
2/5/2014,2540,2570,2545,2550
2/6/2014,2550,2601,2540,2601
2/9/2014,2601,2650,2605,2650
2/10/2014,2650,2915,2700,2900
2/11/2014,2900,3000,2900,2960
2/12/2014,2960,3173,3010,3075
2/13/2014,3075,3115,3000,3040
2/16/2014,2338,2380,2380,2380
2/17/2014,2380,2475,2427,2475
2/18/2014,2475,2650,2500,2650
2/20/2014,2650,2810,2703,2810
2/23/2014,2810,2755,2700,2700
2/24/2014,2700,2800,2700,2700
2/25/2014,2700,2648,2545,2545
2/26/2014,2545,2549,2450,2450
3/3/2014,2450,2500,2450,2500
3/4/2014,2500,2525,2401,2401
3/5/2014,2401,2571,2424,2571
3/6/2014,2571,2580,2530,2580
3/9/2014,2580,2550,2510,2530
3/10/2014,2530,2515,2430,2450
3/11/2014,2450,2500,2450,2450
3/12/2014,2450,2500,2402,2500
3/13/2014,2500,2545,2510,2530
3/17/2014,2530,2500,2480,2480
3/19/2014,2480,2460,2450,2450
3/20/2014,2450,2510,2460,2510
3/24/2014,2510,2501,2450,2485
3/25/2014,2485,2485,2480,2485
3/26/2014,2485,2450,2450,2450
3/27/2014,2450,2470,2440,2440
3/31/2014,2450,2685,2485,2620
4/1/2014,2620,2778,2640,2761
4/2/2014,2761,2750,2750,2750
4/3/2014,2750,2740,2650,2650
4/6/2014,2650,2650,2650,2650
4/7/2014,2650,2701,2655,2701
4/9/2014,2701,2805,2600,2805
4/10/2014,2805,2918,2850,2850
4/13/2014,2850,2980,2845,2980
4/15/2014,2980,3055,2980,3055
4/16/2014,3055,3030,2990,3005
4/17/2014,3005,3010,2950,3005
4/20/2014,3005,3060,3006,3060
4/21/2014,3060,3265,3051,3265
4/22/2014,3265,3591,3265,3591
4/23/2014,3591,3700,3510,3510
4/28/2014,3529,3505,3350,3470
4/29/2014,3470,3564,3440,3470
4/30/2014,3470,3529,3460,3529
5/4/2014,3529,3710,3529,3708
5/5/2014,3708,3800,3505,3575
5/6/2014,3575,3700,3450,3680
5/7/2014,3680,3877,3610,3789
5/8/2014,3789,3789,3650,3700
5/11/2014,3700,3630,3551,3551
5/12/2014,3551,3660,3551,3600
5/13/2014,3600,3615,3550,3595
5/15/2014,3595,3610,3454,3500
5/18/2014,3500,3530,3430,3430
5/19/2014,3430,3420,3271,3295
5/20/2014,3295,3300,3250,3300
5/21/2014,3300,3350,3260,3320
5/22/2014,3320,3390,3286,3390
5/25/2014,3390,3500,3350,3351
5/26/2014,3351,3400,3360,3400
5/27/2014,3400,3400,3351,3399
5/28/2014,3399,3425,3341,3390
6/1/2014,3390,3390,3371,3390
6/2/2014,3390,3389,3194,3360
6/3/2014,3360,3400,3266,3266
6/4/2014,3266,3350,3234,3340
6/5/2014,3340,3315,3250,3250
6/8/2014,3250,3330,3201,3301
6/9/2014,3301,3345,3305,3305
6/10/2014,3305,3345,3250,3345
6/11/2014,3345,3365,3340,3350
6/12/2014,3350,3365,3310,3321
6/15/2014,3321,3410,3387,3410
6/16/2014,3410,3470,3410,3470
6/18/2014,3530,3817,3530,3530
6/19/2014,3600,3673,3530,3672
6/23/2014,3672,3620,3618,3618
6/24/2014,3618,3690,3555,3690
6/25/2014,3690,3723,3650,3690
6/26/2014,3690,3725,3671,3725
6/29/2014,3725,3801,3555,3800
6/30/2014,3800,3900,3725,3850
7/1/2014,3850,4090,3900,4080
7/2/2014,4080,4240,4117,4205
7/3/2014,4205,4205,4010,4020
7/6/2014,4020,4250,4049,4220
7/7/2014,4220,4304,4240,4240
7/8/2014,4240,4304,4200,4250
7/9/2014,4250,4201,4200,4200
7/10/2014,4200,4230,4000,4230
7/13/2014,4230,4250,4160,4215
7/14/2014,4215,4160,4090,4111
7/15/2014,4111,4110,4000,4015
7/16/2014,4015,4100,4025,4095
7/17/2014,4095,4081,4050,4081
7/20/2014,4081,4170,4050,4130
7/21/2014,4130,4165,4070,4165
7/22/2014,4165,4171,4010,4171
7/23/2014,4171,4100,4020,4030
7/24/2014,4030,4050,4000,4010
7/27/2014,4010,4020,4000,4000
7/28/2014,4000,4000,3999,4000
7/30/2014,4000,4020,3920,3970
7/31/2014,3970,4000,3950,4000
8/3/2014,4000,3990,3900,3930
8/4/2014,3930,3970,3794,3900
8/5/2014,3900,3900,3875,3895
8/6/2014,3895,3950,3900,3950
8/7/2014,3950,3900,3870,3880
8/12/2014,3880,3850,3805,3805
8/13/2014,3805,3820,3800,3820
8/14/2014,3820,4100,3850,4100
8/18/2014,4100,4018,4018,4018
8/19/2014,4018,4100,3822,4100
8/24/2014,4100,4018,3690,3690
8/25/2014,3690,3617,3322,3322
8/26/2014,3322,3455,3110,3150
8/27/2014,3150,3460,3213,3425
8/28/2014,3425,3620,3493,3501
8/31/2014,3501,3510,3490,3490
9/3/2014,3490,3421,3170,3170
9/4/2014,3170,3213,3120,3213
9/7/2014,3213,3150,3149,3150
9/9/2014,3150,3170,3100,3162
9/10/2014,3162,3230,3100,3100
9/11/2014,3100,3140,3050,3050
9/14/2014,3050,3071,3065,3071
9/15/2014,3071,3200,3030,3200
9/16/2014,3200,3213,3140,3213
9/17/2014,3213,3277,3186,3186
9/18/2014,3186,3200,3150,3155
9/21/2014,3155,3150,3150,3150
9/22/2014,3150,3125,3090,3100
9/23/2014,3100,3215,3125,3155
9/24/2014,3155,3250,3100,3250
9/28/2014,3250,3380,3290,3380
9/29/2014,3380,3520,3440,3520
9/30/2014,3520,3590,3421,3480
10/8/2014,3480,3415,3411,3411
10/9/2014,3411,3385,3350,3351
10/12/2014,3351,3350,3284,3284
10/13/2014,3284,3260,3230,3260
10/14/2014,3260,3264,3200,3264
10/15/2014,3264,3375,3250,3375
10/16/2014,3375,3450,3350,3350
10/20/2014,3350,3440,3395,3400
10/21/2014,3400,3500,3400,3500
10/22/2014,3500,3509,3457,3509
10/26/2014,3509,3570,3485,3485
10/27/2014,3485,3606,3550,3606
10/28/2014,3606,3650,3600,3650
10/30/2014,3650,3680,3650,3680
11/2/2014,3680,3700,3553,3601
11/3/2014,3601,3550,3400,3450
11/4/2014,3450,3450,3300,3400
11/5/2014,3400,3530,3445,3460
11/6/2014,3460,3505,3440,3505
11/9/2014,3505,3520,3435,3435
11/10/2014,3435,3367,3290,3306
11/11/2014,3306,3365,3320,3365
11/12/2014,3365,3305,3300,3300
11/13/2014,3300,3330,3108,3330
11/16/2014,3330,3340,3180,3180
11/17/2014,3180,3135,3071,3135
11/18/2014,3135,3180,3014,3180
11/19/2014,3180,3220,3200,3200
11/20/2014,3200,3300,3200,3300
11/23/2014,3300,3366,3300,3300
11/24/2014,3300,3300,3250,3250
11/25/2014,3250,3264,3200,3264
11/30/2014,3264,3230,3205,3205
12/1/2014,3205,3155,3100,3100
12/2/2014,3100,3180,3055,3100
12/3/2014,3100,3162,3088,3091
12/4/2014,3091,3172,3100,3100
12/8/2014,3100,3060,3035,3036
12/9/2014,3036,3040,2985,2990
12/10/2014,2990,3109,3000,3109
12/11/2014,3109,3115,3060,3115
12/14/2014,3115,3178,3102,3160
12/15/2014,3160,3329,3100,3329
12/16/2014,3329,3270,3180,3180
12/17/2014,3180,3220,3220,3220
12/18/2014,3220,3220,3190,3190
12/21/2014,3190,3190,3190,3190
12/23/2014,3190,3127,3010,3015
12/24/2014,3015,3051,2990,3022
12/28/2014,3022,3101,3051,3051
12/29/2014,3051,3090,3015,3065
12/31/2014,3065,3100,3045,3100
1/1/2015,3100,3101,3062,3080
1/4/2015,3080,3252,3099,3200
1/5/2015,3200,3255,3140,3140
1/6/2015,3140,3140,3090,3140
1/7/2015,3140,3210,3090,3210
1/8/2015,3210,3274,3210,3220
1/11/2015,3220,3280,3220,3220
1/12/2015,3220,3330,3200,3330
1/13/2015,3330,3425,3300,3335
1/14/2015,3335,3350,3325,3335
1/18/2015,3335,3401,3395,3395
1/19/2015,3395,3462,3400,3440
1/20/2015,3440,3372,3372,3372
1/22/2015,3372,3360,3270,3331
1/25/2015,3331,3330,3311,3311
1/26/2015,3311,3315,3310,3310
1/27/2015,3310,3320,3310,3315
1/28/2015,3315,3400,3340,3400
1/29/2015,3400,3340,3316,3340
2/1/2015,3340,3400,3360,3370
2/2/2015,3370,3400,3370,3390
2/3/2015,3390,3375,3351,3356
2/4/2015,3356,3356,3340,3340
2/5/2015,3340,3370,3350,3370
2/8/2015,3370,3385,3370,3385
2/9/2015,3385,3460,3400,3416
2/10/2015,3416,3440,3402,3435
2/11/2015,3435,3445,3410,3440
2/12/2015,3440,3519,3420,3499
2/15/2015,2692,2854,2745,2854
2/16/2015,2854,2911,2853,2853
2/18/2015,2853,2860,2830,2830
2/26/2015,2830,2800,2800,2830
3/1/2015,2800,2800,2800,2800
3/2/2015,2800,2760,2705,2759
3/4/2015,2759,2740,2660,2660
3/9/2015,2660,2766,2607,2766
3/10/2015,2766,2720,2711,2711
3/11/2015,2711,2700,2700,2700
3/12/2015,2700,2700,2690,2690
3/15/2015,2690,2651,2650,2650
3/16/2015,2650,2653,2601,2625
3/17/2015,2625,2625,2600,2600
3/18/2015,2600,2600,2575,2575
3/19/2015,2575,2626,2575,2575
3/22/2015,2575,2530,2526,2527
3/26/2015,2527,2525,2480,2525
3/30/2015,2525,2500,2500,2500
3/31/2015,2500,2510,2475,2475
4/1/2015,2475,2452,2452,2452
4/2/2015,2452,2440,2410,2440
4/5/2015,2440,2435,2430,2435
4/6/2015,2435,2509,2435,2509
4/7/2015,2509,2460,2450,2460
4/8/2015,2460,2509,2450,2455
4/9/2015,2455,2483,2435,2445
4/12/2015,2445,2455,2450,2450
4/13/2015,2450,2490,2450,2472
4/15/2015,2472,2425,2390,2390
4/16/2015,2390,2436,2343,2400
4/19/2015,2400,2358,2357,2358
4/20/2015,2358,2360,2350,2350
4/21/2015,2350,2397,2350,2350
4/22/2015,2350,2349,2349,2349
4/23/2015,2349,2311,2305,2305
5/26/2015,2305,2259,2075,2075
5/27/2015,2075,2034,1870,1880
5/28/2015,1880,1915,1850,1915
5/31/2015,1915,2055,1950,2015
6/1/2015,2015,2150,2055,2150
6/2/2015,2150,2150,2100,2150
6/3/2015,2150,2364,2193,2350
6/4/2015,2350,2443,2301,2301
6/7/2015,2301,2344,2310,2320
6/8/2015,2320,2365,2340,2358
6/9/2015,2358,2490,2300,2301
6/10/2015,2301,2330,2285,2295
6/11/2015,2295,2295,2220,2265
6/14/2015,2265,2280,2240,2245
6/15/2015,2245,2300,2265,2285
6/16/2015,2285,2265,2260,2260
6/17/2015,2260,2265,2217,2265
6/18/2015,2265,2280,2215,2270
6/21/2015,2250,2290,2250,2289
6/22/2015,2255,2335,2250,2305
6/23/2015,2351,2405,2348,2380
6/24/2015,2427,2427,2380,2400
6/25/2015,2425,2442,2425,2442
6/28/2015,2460,2629,2460,2629
6/29/2015,2681,2788,2681,2760
6/30/2015,2770,2868,2760,2850
7/1/2015,2870,2950,2850,2850
7/2/2015,2850,2850,2800,2822
7/5/2015,2878,2878,2850,2850
7/6/2015,2844,2845,2773,2798
7/7/2015,2830,2830,2800,2824
7/8/2015,2810,2820,2805,2810
7/9/2015,2815,2815,2780,2780
7/12/2015,2800,2800,2780,2780
7/13/2015,2775,2775,2758,2758
7/14/2015,2764,2770,2755,2770
7/15/2015,2770,2790,2770,2790
7/16/2015,2845,2845,2799,2799
7/22/2015,2799,2800,2799,2800
7/23/2015,2800,2895,2800,2895
7/27/2015,2895,2952,2900,2901
7/28/2015,2901,2940,2845,2899
7/29/2015,2899,2956,2845,2900
7/30/2015,2900,2901,2865,2901
8/2/2015,2901,2925,2900,2925
8/3/2015,2925,2974,2900,2965
8/4/2015,2965,3050,2975,3050
8/5/2015,3050,3145,3035,3145
8/6/2015,3145,3204,3160,3190
8/9/2015,3190,3376,3250,3290
8/10/2015,3290,3396,3310,3396
8/11/2015,3396,3441,3370,3405
8/12/2015,3385,3410,3360,3390
8/13/2015,3415,3425,3352,3352
8/16/2015,3300,3340,3280,3305
8/17/2015,3310,3350,3305,3340
8/18/2015,3320,3320,3250,3280
8/19/2015,3330,3387,3275,3387
8/20/2015,3360,3385,3350,3350
8/23/2015,3340,3395,3325,3325
8/24/2015,3259,3405,3259,3400
8/25/2015,3400,3400,3370,3400
8/26/2015,3430,3530,3430,3489
8/27/2015,3500,3711,3500,3711
8/31/2015,3730,4005,3730,4005
9/1/2015,4050,4060,3751,3890
9/2/2015,3821,3821,3699,3720
9/3/2015,3690,3690,3650,3655
9/6/2015,3590,3733,3588,3680
9/7/2015,3680,3715,3655,3695
9/8/2015,3710,3710,3670,3701
9/9/2015,3690,3690,3627,3627
9/10/2015,3600,3600,3500,3500
9/13/2015,3520,3650,3510,3650
9/14/2015,3723,3797,3690,3693
9/15/2015,3766,3770,3691,3700
9/16/2015,3635,3635,3635,3635
9/17/2015,3635,3635,3610,3610
9/22/2015,3600,3600,3470,3471
9/23/2015,3540,3540,3500,3520
9/24/2015,3465,3495,3461,3495
9/28/2015,3426,3450,3400,3450
9/29/2015,3500,3530,3500,3520
9/30/2015,3480,3515,3480,3490
10/1/2015,3500,3510,3400,3400
10/4/2015,3468,3537,3468,3500
10/5/2015,3430,3528,3430,3528
10/6/2015,3530,3530,3485,3485
10/7/2015,3450,3450,3400,3400
10/8/2015,3430,3430,3430,3430
10/11/2015,3400,3400,3390,3390
10/14/2015,3420,3420,3381,3401
10/15/2015,3401,3425,3400,3425
10/18/2015,3425,3425,3330,3359
10/19/2015,3400,3400,3370,3370
10/25/2015,3350,3350,3350,3350
10/27/2015,3350,3350,3290,3290
10/28/2015,3225,3225,3175,3190
10/29/2015,3241,3300,3239,3239
11/1/2015,3175,3175,3110,3128
11/2/2015,3128,3150,3128,3150
11/3/2015,3150,3200,3150,3200
11/4/2015,3200,3225,3200,3206
11/5/2015,3200,3206,3200,3206
11/8/2015,3150,3200,3150,3200
11/9/2015,3200,3274,3200,3230
11/10/2015,3250,3300,3240,3300
11/16/2015,3300,3300,3300,3300
11/18/2015,3234,3320,3200,3300
11/19/2015,3300,3300,3250,3285
11/22/2015,3220,3220,3171,3171
11/23/2015,3108,3140,3060,3140
11/24/2015,3101,3101,3100,3100
11/25/2015,3140,3162,3110,3150
11/26/2015,3100,3100,3040,3100
11/29/2015,3038,3038,2978,2980
11/30/2015,3000,3060,2952,3010
12/1/2015,3000,3165,2940,3165
12/2/2015,3130,3130,3130,3130
12/3/2015,3180,3243,3120,3170
12/6/2015,3233,3300,3180,3300
12/7/2015,3366,3400,3332,3349
12/8/2015,3350,3350,3303,3330
12/9/2015,3390,3400,3320,3320
12/10/2015,3320,3386,3320,3365
12/13/2015,3367,3415,3367,3400
12/14/2015,3468,3700,3468,3700
12/15/2015,3774,3900,3774,3900
12/17/2015,3822,3822,3599,3599
12/20/2015,3528,3528,3400,3400
12/21/2015,3467,3550,3467,3550
12/22/2015,3600,3600,3600,3600
12/23/2015,3600,3600,3585,3585
12/24/2015,3610,3649,3602,3649
12/27/2015,3675,3675,3650,3650
12/28/2015,3580,3580,3580,3580
12/29/2015,3550,3621,3550,3621
12/31/2015,3601,3725,3601,3700
1/3/2016,3651,3872,3651,3872
1/4/2016,3801,3877,3780,3798
1/5/2016,3723,3723,3442,3587
1/6/2016,3516,3516,3420,3500
1/7/2016,3450,3540,3435,3540
1/10/2016,3500,3560,3430,3560
1/11/2016,3500,3564,3494,3550
1/12/2016,3500,3539,3430,3480
1/13/2016,3411,3485,3411,3475
1/14/2016,3540,3544,3480,3500
1/17/2016,3550,3636,3550,3625
1/18/2016,3620,3620,3550,3550
1/19/2016,3550,3605,3550,3600
1/20/2016,3555,3555,3550,3550
1/21/2016,3510,3547,3501,3540
1/24/2016,3510,3510,3500,3500
1/25/2016,3510,3520,3500,3501
1/26/2016,3500,3510,3500,3500
1/27/2016,3501,3525,3500,3520
1/28/2016,3500,3510,3500,3510
1/31/2016,3510,3540,3505,3540
2/1/2016,3541,3550,3541,3550
2/2/2016,3513,3515,3500,3511
2/3/2016,3500,3500,3500,3500
2/4/2016,3520,3525,3500,3505
2/7/2016,3500,3520,3480,3520
2/8/2016,3500,3520,3489,3500
2/11/2016,3570,3570,3496,3496
2/14/2016,3500,3520,3475,3520
2/15/2016,3500,3500,3495,3500
2/16/2016,3500,3500,3490,3500
2/17/2016,3500,3520,3500,3520
2/18/2016,3505,3505,3501,3501
2/21/2016,3510,3510,3490,3490
2/22/2016,3480,3499,3465,3499
2/23/2016,3500,3500,3500,3500
2/24/2016,3500,3500,3490,3495
2/25/2016,3450,3500,3450,3500
2/28/2016,3550,3550,3490,3490
2/29/2016,3515,3550,3502,3510
3/1/2016,3500,3505,3500,3505
3/2/2016,3500,3515,3500,3510
3/3/2016,3515,3530,3512,3515
3/6/2016,3520,3534,3500,3500
3/10/2016,3521,3521,3521,3521
3/13/2016,3550,3591,3372,3530
3/14/2016,3550,3550,3510,3510
3/15/2016,3561,3555,3510,3550
3/16/2016,3545,3560,3530,3550
3/17/2016,3618,3649,3600,3600
3/20/2016,3672,3895,3672,3850
3/21/2016,3850,3850,3780,3840
3/23/2016,3800,3800,3711,3740
3/24/2016,3765,3770,3753,3755
3/27/2016,3740,3740,3700,3710
3/28/2016,3695,3710,3675,3675
3/29/2016,3675,3675,3675,3675
3/30/2016,3700,3770,3611,3611
3/31/2016,3600,3630,3580,3580
4/3/2016,3511,3512,3511,3512
4/4/2016,3582,3650,3582,3650
4/5/2016,3680,3700,3620,3620
4/6/2016,3621,3650,3610,3620
4/10/2016,3620,3620,3620,3620
4/11/2016,3650,3655,3650,3651
4/12/2016,3700,3700,3650,3650
4/14/2016,3699,3720,3699,3720
4/17/2016,3780,3780,3700,3705
4/18/2016,3720,3750,3640,3720
4/19/2016,3701,3705,3700,3700
4/21/2016,3700,3710,3685,3685
4/24/2016,3700,3720,3685,3690
4/25/2016,3700,3700,3700,3700
4/26/2016,3680,3700,3680,3700
4/27/2016,3700,3720,3690,3700
4/28/2016,3774,3880,3774,3880
5/2/2016,3804,4150,3804,4150
5/3/2016,4150,4150,3847,4000
5/4/2016,4000,4000,3950,3999
5/5/2016,3970,3996,3970,3990
5/8/2016,4010,4050,4010,4050
5/9/2016,4050,4115,4050,4085
5/10/2016,4100,4115,4070,4090
5/11/2016,4107,4245,4080,4238
5/12/2016,3390,3526,3390,3390
5/15/2016,3457,3457,3325,3325
5/16/2016,3349,3349,3142,3142
5/17/2016,3142,3330,3142,3300
5/18/2016,3309,3335,3275,3335
5/19/2016,3356,3400,3300,3300
5/22/2016,3340,3427,3235,3427
5/23/2016,3445,3550,3410,3550
5/24/2016,3550,3599,3525,3590
5/25/2016,3550,3565,3430,3498
5/26/2016,3537,3537,3398,3400
5/29/2016,3405,3409,3350,3350
5/30/2016,3325,3325,3280,3322
5/31/2016,3350,3355,3329,3350
6/1/2016,3350,3360,3300,3320
6/2/2016,3300,3301,3280,3293
6/5/2016,3300,3300,3200,3225
6/6/2016,3280,3280,3240,3250
6/7/2016,3260,3270,3250,3257
6/8/2016,3299,3398,3290,3398
6/9/2016,3534,3700,3465,3630
6/12/2016,3558,3650,3558,3600
6/13/2016,3580,3580,3450,3551
6/14/2016,3550,3550,3465,3534
6/15/2016,3590,3590,3500,3550
6/16/2016,3621,3739,3600,3700
6/19/2016,3670,3715,3626,3626
6/20/2016,3554,3554,3490,3520
6/21/2016,3450,3560,3400,3560
6/22/2016,3560,3650,3559,3650
6/23/2016,3723,3775,3671,3700
6/26/2016,3700,3719,3680,3719
6/27/2016,3700,3725,3680,3700
6/28/2016,3690,3690,3650,3690
6/29/2016,3695,3695,3650,3660
6/30/2016,3670,3740,3661,3675
7/3/2016,3602,3650,3600,3640
7/4/2016,3600,3611,3550,3600
7/5/2016,3560,3600,3560,3600
7/6/2016,3600,3645,3550,3556
7/10/2016,3550,3570,3505,3505
7/11/2016,3570,3570,3470,3475
7/12/2016,3434,3434,3370,3400
7/13/2016,3440,3450,3410,3450
7/14/2016,3516,3580,3515,3580
7/17/2016,3630,3630,3558,3590
7/18/2016,3580,3750,3529,3700
7/19/2016,3700,3700,3577,3600
7/20/2016,3600,3604,3531,3534
7/21/2016,3550,3550,3550,3550
7/25/2016,3550,3550,3480,3530
7/26/2016,3490,3520,3483,3483
7/27/2016,3500,3550,3460,3500
7/28/2016,3540,3540,3500,3510
7/31/2016,3510,3590,3510,3550
8/1/2016,3550,3550,3460,3475
8/2/2016,3470,3470,3408,3415
8/3/2016,3405,3450,3400,3419
8/4/2016,3362,3430,3300,3300
8/7/2016,3366,3366,3315,3315
8/8/2016,3340,3340,3165,3165
8/9/2016,3228,3228,3228,3228
8/10/2016,3292,3365,3260,3300
8/11/2016,3300,3300,3245,3275
8/14/2016,3250,3309,3172,3192
8/15/2016,3200,3200,3090,3150
8/16/2016,3213,3265,3205,3220
8/17/2016,3235,3235,3210,3229
8/22/2016,3165,3165,3135,3135
8/23/2016,3150,3150,3060,3060
8/24/2016,3121,3350,3038,3339
8/28/2016,3340,3340,3230,3250
8/29/2016,3315,3315,3200,3250
8/30/2016,3260,3300,3240,3250
8/31/2016,3250,3360,3200,3253
9/1/2016,3280,3300,3255,3300
9/4/2016,3300,3319,3300,3319
9/5/2016,3330,3385,3315,3320
9/6/2016,3319,3330,3300,3300
9/7/2016,3280,3300,3250,3295
9/8/2016,3300,3300,3270,3290
9/11/2016,3339,3339,3290,3290
9/12/2016,3250,3299,3250,3250
9/14/2016,3260,3407,3260,3350
9/18/2016,3301,3337,3300,3320
9/20/2016,3260,3295,3250,3290
9/21/2016,3240,3265,3250,3250
9/22/2016,3250,3260,3230,3230
9/25/2016,3230,3230,3170,3170
9/26/2016,3200,3233,3200,3233
9/27/2016,3250,3250,3245,3245
9/28/2016,3190,3200,3181,3200
9/29/2016,3200,3245,3200,3245
10/2/2016,3309,3309,3249,3270
10/3/2016,3274,3366,3270,3366
10/4/2016,3380,3526,3380,3402
10/5/2016,3340,3400,3335,3400
10/6/2016,3450,3480,3430,3454
10/16/2016,3522,3522,3410,3449
10/17/2016,3390,3390,3380,3385
10/19/2016,3390,3430,3370,3370
10/20/2016,3435,3430,3400,3410
10/23/2016,3385,3385,3370,3370
10/24/2016,3350,3350,3310,3341
10/25/2016,3312,3350,3312,3340
10/26/2016,3350,3402,3340,3402
10/27/2016,3370,3370,3355,3355
11/3/2016,3350,3350,3350,3350
11/7/2016,3300,3330,3300,3300
11/8/2016,3251,3251,3230,3245
11/9/2016,3200,3255,3135,3190
11/10/2016,3180,3180,3118,3122
11/13/2016,3125,3225,3125,3200
11/14/2016,3200,3220,3156,3218
11/15/2016,3218,3235,3150,3200
11/16/2016,3264,3264,3190,3190
11/17/2016,3200,3200,3060,3085
11/20/2016,3120,3120,2803,2983
11/21/2016,3000,3055,2950,2981
11/22/2016,2922,2990,2922,2960
11/23/2016,2950,2950,2805,2850
11/24/2016,2900,2900,2710,2800
11/27/2016,2750,2754,2571,2571
11/28/2016,2520,2685,2401,2600
11/29/2016,2548,2705,2450,2700
11/30/2016,2750,2800,2628,2700
12/1/2016,2754,2810,2700,2750
12/4/2016,2695,2740,2680,2698
12/5/2016,2680,2680,2602,2630
12/6/2016,2630,2690,2589,2674
12/7/2016,2674,2727,2650,2670
12/8/2016,2723,2723,2617,2644
12/11/2016,2660,2660,2590,2600
12/12/2016,2548,2595,2544,2595
12/14/2016,2600,2650,2500,2602
12/15/2016,2550,2625,2550,2585
12/18/2016,2535,2600,2535,2594
12/19/2016,2560,2580,2560,2580
12/20/2016,2532,2558,2529,2558
12/21/2016,2509,2545,2495,2515
12/22/2016,2525,2525,2500,2500
12/26/2016,2540,2540,2450,2450
12/27/2016,2405,2430,2390,2412
12/28/2016,2405,2448,2400,2406
12/29/2016,2435,2610,2411,2557
1/1/2017,2506,2545,2480,2490
1/2/2017,2490,2499,2465,2474
1/3/2017,2426,2480,2400,2400
1/4/2017,2400,2450,2400,2449
1/5/2017,2425,2439,2425,2425
1/8/2017,2395,2410,2390,2410
1/9/2017,2440,2475,2425,2450
1/10/2017,2460,2523,2460,2522
1/11/2017,2500,2505,2470,2505
1/12/2017,2555,2525,2500,2508
1/15/2017,2480,2490,2460,2490
1/16/2017,2460,2460,2410,2410
1/17/2017,2400,2460,2400,2408
1/18/2017,2435,2480,2435,2480
1/19/2017,2502,2502,2481,2500
1/22/2017,2509,2510,2480,2500
1/23/2017,2460,2480,2450,2465
1/24/2017,2450,2450,2416,2445
1/25/2017,2400,2425,2310,2350
1/26/2017,2303,2366,2220,2329
1/30/2017,2320,2320,2097,2097
1/31/2017,2056,2138,1970,2044
2/1/2017,2084,2200,2084,2200
2/2/2017,2210,2288,2106,2287
2/5/2017,2270,2270,2181,2235
2/6/2017,2191,2191,2100,2150
2/7/2017,2120,2120,2100,2120
2/8/2017,2090,2090,2000,2000
2/9/2017,1962,2001,1931,1931
2/12/2017,1932,1950,1800,1805
2/13/2017,1800,1914,1760,1914
2/14/2017,1880,1905,1840,1890
2/15/2017,1920,1997,1911,1997
2/16/2017,2035,2126,1958,2100
2/19/2017,2100,2220,2017,2180
2/20/2017,2200,2300,2151,2157
2/21/2017,2200,2220,2100,2121
2/22/2017,2079,2142,2079,2100
2/23/2017,2071,2102,2061,2067
2/26/2017,2040,2040,2016,2030
2/28/2017,1990,2029,1990,2029
3/1/2017,2069,2069,2028,2060
3/2/2017,2064,2090,2055,2080
3/5/2017,2121,2170,2100,2142
3/6/2017,2184,2227,2120,2160
3/7/2017,2117,2160,2086,2130
3/9/2017,2160,2169,2130,2140
3/13/2017,2170,2170,2101,2101
3/14/2017,2140,2150,2121,2135
3/15/2017,2100,2196,2100,2196
3/16/2017,2161,2215,2160,2215
3/19/2017,2220,2350,2220,2350
3/20/2017,2397,2525,2380,2525
3/21/2017,2550,2550,2373,2543
3/22/2017,2530,2574,2493,2525
3/23/2017,2525,2579,2475,2535
3/26/2017,2560,2596,2536,2555
3/28/2017,2606,2700,2555,2640
3/29/2017,2692,2692,2588,2620
3/30/2017,2649,2649,2572,2600
4/2/2017,2652,2860,2652,2860
4/3/2017,2917,3146,2860,2960
4/4/2017,2980,3000,2881,2910
4/6/2017,2968,2968,2861,2890
4/9/2017,2930,2947,2870,2870
4/10/2017,2900,2950,2900,2900
4/11/2017,2900,2970,2900,2935
4/12/2017,2993,3015,2921,2936
4/13/2017,2935,2993,2870,2944
4/16/2017,3002,3002,2880,2880
4/18/2017,2850,2850,2775,2795
4/19/2017,2830,2850,2779,2849
4/20/2017,2850,2875,2806,2806
4/23/2017,2862,2980,2862,2870
4/24/2017,2870,2870,2813,2834
4/25/2017,2850,2850,2811,2815
4/26/2017,2815,2831,2800,2800
4/27/2017,2750,2971,2737,2839
4/30/2017,2795,2815,2790,2799
5/2/2017,2854,2854,2797,2810
5/3/2017,2815,2815,2791,2802
5/4/2017,2820,2820,2775,2792
5/7/2017,2750,2800,2737,2761
5/8/2017,2771,2790,2764,2790
5/9/2017,2790,2815,2790,2810
5/11/2017,2840,2870,2825,2870
5/15/2017,2871,2895,2856,2860
5/16/2017,2840,2855,2827,2830
5/17/2017,2836,2845,2830,2845
5/18/2017,2845,2866,2836,2850
5/21/2017,2284,2365,2250,2250
5/22/2017,2280,2280,2240,2240
5/23/2017,2200,2250,2185,2185
5/24/2017,2166,2209,2165,2170
5/28/2017,2160,2160,2135,2150
5/30/2017,2111,2121,2110,2120
5/31/2017,2122,2150,2110,2150
6/1/2017,2140,2160,2120,2140
6/4/2017,2130,2150,2110,2121
6/5/2017,2145,2145,2130,2130
6/6/2017,2133,2158,2133,2158
6/7/2017,2181,2181,2156,2156
6/8/2017,2199,2199,2112,2120
6/11/2017,2078,2105,2078,2078
6/12/2017,2060,2100,2060,2070
6/13/2017,2050,2090,2050,2050
6/14/2017,2035,2036,2035,2035
6/15/2017,2050,2065,2050,2050
6/18/2017,2050,2060,2036,2051
6/19/2017,2055,2055,2010,2030
6/20/2017,2020,2025,2000,2000
6/21/2017,2025,2025,2010,2025
6/22/2017,2001,2001,1995,2000
6/25/2017,2000,2010,2000,2010
6/27/2017,2020,2020,2011,2020
6/28/2017,2001,2006,2001,2001
7/2/2017,2010,2010,1990,1990
7/4/2017,1971,1971,1971,1971
7/5/2017,1975,2000,1975,2000
7/6/2017,2040,2100,2038,2100
7/9/2017,2100,2170,2088,2100
7/10/2017,2100,2162,2100,2162
7/11/2017,2167,2167,2100,2120
7/12/2017,2120,2140,2100,2140
7/13/2017,2182,2182,2150,2151
7/16/2017,2151,2151,2149,2149
7/17/2017,2110,2135,2110,2135
7/18/2017,2177,2271,2177,2265
7/19/2017,2300,2320,2252,2287
7/20/2017,2287,2380,2287,2378
7/23/2017,2424,2470,2403,2469
7/24/2017,2450,2460,2431,2440
7/25/2017,2450,2460,2440,2455
7/26/2017,2465,2505,2452,2483
7/27/2017,2483,2500,2440,2490
7/30/2017,2490,2490,2415,2430
7/31/2017,2478,2478,2401,2401
8/1/2017,2410,2444,2410,2410
8/2/2017,2425,2426,2410,2410
8/3/2017,2411,2411,2400,2400
8/6/2017,2371,2400,2371,2400
8/7/2017,2420,2448,2400,2416
8/9/2017,2417,2450,2410,2420
8/10/2017,2400,2405,2400,2400
8/13/2017,2400,2400,2372,2380
8/15/2017,2334,2382,2334,2382
8/16/2017,2350,2350,2320,2345
8/17/2017,2330,2330,2300,2324
8/20/2017,2324,2324,2300,2300
8/21/2017,2300,2300,2266,2290
8/22/2017,2290,2346,2285,2290
8/23/2017,2275,2290,2241,2241
8/24/2017,2240,2270,2201,2270
8/27/2017,2270,2270,2260,2260
8/28/2017,2250,2270,2235,2270
8/30/2017,2270,2270,2230,2230
8/31/2017,2250,2250,2180,2244
9/4/2017,2200,2254,2191,2191
9/6/2017,2165,2200,2148,2170
9/7/2017,2161,2165,2150,2160
9/10/2017,2117,2121,2075,2076
9/11/2017,2100,2117,2060,2060
9/12/2017,2090,2090,2030,2030
9/13/2017,2020,2070,2010,2015
9/14/2017,2050,2080,2045,2079
9/17/2017,2090,2131,2081,2100
9/18/2017,2100,2100,2085,2090
9/20/2017,2079,2094,2060,2060
9/24/2017,2101,2140,2100,2100
9/25/2017,2100,2100,2080,2100
9/26/2017,2100,2105,2088,2088
10/3/2017,2090,2090,2078,2090
10/4/2017,2090,2090,2062,2069
10/8/2017,2028,2060,2000,2060
10/9/2017,2050,2060,2021,2060
10/10/2017,2040,2040,2030,2035
10/11/2017,2032,2059,2030,2055
10/12/2017,2060,2060,2041,2041
10/15/2017,2050,2070,2050,2070
10/16/2017,2095,2135,2065,2100
10/17/2017,2106,2106,2070,2093
10/18/2017,2080,2104,2060,2104
10/22/2017,2146,2159,2110,2120
10/23/2017,2125,2125,2092,2114
10/24/2017,2100,2134,2100,2134
10/25/2017,2125,2125,2095,2095
10/29/2017,2055,2096,2050,2096
10/30/2017,2066,2066,2060,2060
10/31/2017,2032,2070,2031,2070
11/1/2017,2030,2045,2020,2045
11/2/2017,2012,2050,2012,2049
11/5/2017,2050,2050,2000,2020
11/6/2017,1980,2019,1980,2006
11/7/2017,1991,2000,1982,1999
11/8/2017,1970,1970,1945,1956
11/9/2017,1971,1981,1941,1975
11/12/2017,1995,2000,1995,2000
11/13/2017,2034,2034,1985,1990
11/14/2017,2020,2041,2000,2041
11/15/2017,2055,2055,1995,1995
11/16/2017,1990,1990,1955,1970
11/19/2017,1955,1955,1945,1945
11/20/2017,1930,1955,1922,1950
11/21/2017,1960,1960,1926,1958
11/22/2017,1985,1985,1975,1984
11/23/2017,2000,2000,1972,1999
11/26/2017,2015,2015,2000,2015
11/27/2017,2035,2035,1995,2015
11/28/2017,2040,2040,2010,2011
11/29/2017,2051,2131,2015,2055
11/30/2017,2055,2084,2042,2065
12/4/2017,2040,2040,2031,2035
12/5/2017,2035,2070,2035,2070
12/6/2017,2102,2102,2060,2085
12/10/2017,2100,2100,2069,2076
12/11/2017,2050,2076,2043,2051
12/12/2017,2021,2035,2010,2010
12/13/2017,2030,2030,2016,2020
12/17/2017,2010,2010,1987,1987
12/18/2017,1990,2000,1981,1999
12/19/2017,1990,1990,1980,1981
12/20/2017,1975,1987,1975,1987
12/21/2017,1975,1975,1958,1975
12/24/2017,1996,1996,1960,1991
12/26/2017,1952,1960,1950,1958
12/27/2017,1921,1958,1917,1917
12/28/2017,1890,1930,1880,1920
12/31/2017,1901,1937,1900,1917
1/1/2018,1925,1970,1925,1970
1/2/2018,1960,1995,1960,1965
1/3/2018,1988,1988,1936,1936
1/4/2018,1935,1939,1931,1935
1/7/2018,1897,2014,1897,2014
1/8/2018,2052,2052,2000,2029
1/9/2018,2050,2050,2020,2032
1/10/2018,1992,2025,1988,1989
1/14/2018,1952,1952,1949,1950
1/16/2018,1988,1987,1921,1945
1/17/2018,1930,1985,1930,1985
1/21/2018,1960,1960,1930,1931
1/22/2018,1935,1944,1912,1944
1/23/2018,1944,1944,1900,1901
1/24/2018,1910,1924,1910,1924
1/25/2018,1900,1924,1895,1924
1/28/2018,1905,1910,1902,1910
1/29/2018,1905,1928,1905,1928
1/31/2018,1900,1925,1900,1925
2/1/2018,1925,1969,1925,1969
2/4/2018,1969,1969,1955,1955
2/5/2018,1951,1951,1911,1911
2/6/2018,1893,1910,1893,1900
2/7/2018,1900,1900,1883,1885
2/8/2018,1885,1930,1880,1930
2/11/2018,1916,1920,1916,1918
2/12/2018,1883,1900,1870,1900
2/14/2018,1900,1938,1880,1898
2/15/2018,1935,1938,1900,1933
2/18/2018,1960,1960,1900,1900
2/20/2018,1865,1900,1865,1900
2/21/2018,1900,1900,1876,1876
2/22/2018,1855,1890,1855,1870
2/25/2018,1861,1862,1835,1835
2/26/2018,1850,1850,1810,1810
2/27/2018,1795,1876,1795,1810
2/28/2018,1781,1805,1774,1780
3/4/2018,1745,1760,1700,1700
3/5/2018,1734,1734,1650,1700
3/6/2018,1690,1725,1666,1724
3/7/2018,1735,1735,1700,1734
3/11/2018,1735,1735,1683,1700
3/12/2018,1705,1708,1666,1699
3/13/2018,1699,1701,1683,1699
3/14/2018,1690,1700,1681,1700
3/15/2018,1715,1720,1700,1700
3/18/2018,1700,1709,1692,1700
3/19/2018,1700,1700,1685,1698
3/20/2018,1665,1665,1650,1655
3/21/2018,1622,1645,1614,1614
3/22/2018,1582,1619,1582,1600
3/26/2018,1568,1568,1475,1480
3/27/2018,1475,1622,1396,1622
3/28/2018,1590,1590,1499,1503
3/29/2018,1532,1533,1470,1503
4/1/2018,1500,1500,1455,1489
4/2/2018,1518,1503,1473,1480
4/3/2018,1470,1495,1470,1495
4/4/2018,1495,1591,1486,1591
4/5/2018,1560,1575,1529,1545
4/8/2018,1560,1661,1550,1630
4/9/2018,1630,1655,1568,1568
4/10/2018,1538,1570,1537,1562
4/11/2018,1535,1575,1505,1575
4/12/2018,1575,1600,1575,1590
4/15/2018,1575,1590,1570,1590
4/16/2018,1610,1662,1595,1653
4/17/2018,1686,1720,1657,1717
4/18/2018,1690,1810,1662,1775
4/19/2018,1750,1804,1740,1780
4/22/2018,1815,1825,1737,1825
4/23/2018,1792,1834,1745,1762
4/24/2018,1742,1770,1734,1769
4/25/2018,1740,1750,1715,1750
4/26/2018,1735,1751,1690,1690
4/29/2018,1690,1748,1690,1748
5/2/2018,1770,1770,1720,1749
5/3/2018,1749,1767,1743,1750
5/6/2018,1720,1730,1720,1730
5/7/2018,1725,1725,1704,1704
5/8/2018,1685,1752,1685,1752
5/9/2018,1747,1769,1735,1735
5/10/2018,1735,1735,1721,1735
5/14/2018,1750,1765,1742,1745
5/15/2018,1745,1750,1745,1745
5/16/2018,1745,1748,1720,1720
5/17/2018,1716,1750,1716,1750
5/20/2018,1784,1785,1730,1730
5/21/2018,1730,1730,1705,1705
5/22/2018,1735,1735,1712,1712
5/23/2018,1746,1746,1735,1746
5/24/2018,1750,1760,1725,1740
5/27/2018,1750,1750,1716,1720
5/28/2018,1700,1773,1700,1773
5/29/2018,1789,1789,1755,1755
5/30/2018,1790,1795,1770,1771
5/31/2018,1760,1760,1750,1750
6/3/2018,1715,1734,1681,1690
6/4/2018,1700,1700,1640,1683
6/6/2018,1715,1715,1710,1710
6/7/2018,1695,1699,1678,1678
6/10/2018,1650,1650,1600,1632
6/11/2018,1640,1655,1622,1655
6/13/2018,1680,1680,1640,1665
6/14/2018,1670,1689,1670,1689
6/18/2018,1665,1665,1640,1642
6/19/2018,1611,1611,1610,1610
6/20/2018,1600,1610,1600,1610
6/21/2018,1610,1615,1600,1608
6/24/2018,1640,1640,1608,1609
6/25/2018,1605,1605,1600,1600
6/26/2018,1582,1582,1568,1568
6/27/2018,1538,1581,1538,1555
6/28/2018,1550,1560,1541,1541
7/1/2018,1531,1531,1496,1525
7/2/2018,1503,1545,1495,1545
7/3/2018,1515,1520,1491,1491
7/4/2018,1500,1525,1500,1525
7/5/2018,1501,1615,1501,1615
7/8/2018,1615,1615,1585,1585
7/9/2018,1554,1567,1540,1540
7/10/2018,1555,1555,1531,1531
7/11/2018,1558,1580,1542,1542
7/12/2018,1565,1565,1535,1536
7/15/2018,1530,1545,1500,1530
7/16/2018,1560,1622,1560,1622
7/17/2018,1653,1653,1600,1600
7/18/2018,1600,1601,1600,1600
7/19/2018,1576,1600,1576,1591
7/22/2018,1572,1572,1572,1572
7/23/2018,1573,1581,1573,1581
7/24/2018,1580,1580,1550,1550
7/25/2018,1550,1555,1550,1555
7/26/2018,1552,1555,1552,1555
7/29/2018,1570,1605,1570,1590
7/30/2018,1591,1592,1590,1590
7/31/2018,1565,1575,1565,1575
8/1/2018,1580,1606,1580,1606
8/2/2018,1590,1601,1588,1590
8/5/2018,1580,1600,1580,1600
8/6/2018,1590,1600,1590,1600
8/7/2018,1600,1601,1590,1600
8/8/2018,1607,1610,1607,1610
8/9/2018,1640,1640,1597,1600
8/12/2018,1632,1650,1570,1570
8/13/2018,1566,1589,1540,1580
8/14/2018,1585,1585,1550,1566
8/15/2018,1590,1610,1580,1610
8/16/2018,1625,1625,1596,1609
8/19/2018,1590,1600,1581,1600
8/20/2018,1570,1589,1568,1584
8/21/2018,1570,1590,1570,1590
8/22/2018,1585,1585,1579,1579
8/23/2018,1560,1568,1560,1561
8/26/2018,1555,1564,1555,1564
8/28/2018,1590,1590,1551,1568
8/29/2018,1555,1560,1548,1548
8/30/2018,1550,1560,1550,1555
9/2/2018,1555,1585,1555,1580
9/3/2018,1606,1606,1575,1590
9/4/2018,1570,1600,1540,1600
9/5/2018,1617,1620,1590,1619
9/6/2018,1630,1630,1582,1599
9/9/2018,1600,1600,1575,1600
9/11/2018,1615,1615,1585,1614
9/12/2018,1595,1610,1590,1610
9/13/2018,1600,1615,1597,1615
9/16/2018,1640,1640,1605,1605
9/17/2018,1605,1630,1595,1630
9/18/2018,1601,1620,1601,1620
9/20/2018,1589,1589,1589,1589
9/23/2018,1595,1606,1575,1606
9/25/2018,1600,1600,1590,1590
9/26/2018,1605,1605,1600,1600
9/27/2018,1581,1585,1570,1577
9/30/2018,1566,1567,1566,1567
10/1/2018,1572,1572,1567,1567
10/2/2018,1565,1565,1555,1555
10/3/2018,1540,1550,1540,1545
10/4/2018,1564,1564,1551,1551
10/7/2018,1530,1536,1524,1529
10/8/2018,1525,1550,1525,1550
10/9/2018,1550,1550,1519,1519
10/10/2018,1506,1520,1505,1505
10/11/2018,1500,1525,1495,1525
10/14/2018,1555,1544,1544,1544
10/15/2018,1570,1569,1569,1569
10/21/2018,1550,1581,1550,1581
10/22/2018,1585,1590,1560,1590
10/23/2018,1560,1574,1559,1574
10/24/2018,1588,1588,1588,1588
10/25/2018,1580,1580,1565,1576
10/28/2018,1570,1588,1560,1588
10/29/2018,1580,1580,1561,1570
10/30/2018,1570,1575,1560,1575
10/31/2018,1570,1570,1570,1570
11/1/2018,1570,1580,1565,1580
11/4/2018,1570,1570,1490,1491
11/5/2018,1500,1540,1500,1525
11/6/2018,1491,1491,1490,1490
11/12/2018,1490,1505,1485,1485
11/13/2018,1485,1492,1485,1489
11/14/2018,1489,1491,1475,1490
11/15/2018,1490,1491,1490,1491
11/18/2018,1491,1491,1490,1490
11/19/2018,1490,1490,1471,1472
11/21/2018,1472,1490,1472,1486
11/22/2018,1486,1486,1483,1485
11/25/2018,1485,1485,1470,1485
11/26/2018,1485,1485,1461,1480
11/27/2018,1480,1490,1475,1485
11/28/2018,1485,1485,1466,1480.27
11/29/2018,1480.27,1483,1470,1475
12/2/2018,1475,1475,1450,1455
12/3/2018,1455,1470,1450,1470
12/4/2018,1470,1470,1450,1450
12/5/2018,1450,1450,1430,1430
12/6/2018,1430,1458,1430,1458
12/9/2018,1458,1458,1430,1430
12/10/2018,1430,1450,1430,1435
12/11/2018,1435,1440,1426,1432
12/12/2018,1432,1445,1432,1445
12/13/2018,1445,1450,1445,1450
12/16/2018,1450,1537,1450,1530
12/17/2018,1530,1610,1530,1610
12/18/2018,1610,1639,1563,1580
12/19/2018,1580,1580,1550,1551
12/20/2018,1551,1578,1551,1578
12/23/2018,1578,1608,1578,1608
12/24/2018,1608,1615,1582,1585
12/25/2018,1585,1585,1561,1565
12/26/2018,1565,1640,1565,1640
12/27/2018,1640,1714,1640,1670
12/30/2018,1670,1700,1648,1664
12/31/2018,1664,1664,1641,1641
1/1/2019,1641,1680,1640,1641
1/2/2019,1641,1655,1641,1655
1/3/2019,1655,1670,1645,1670
1/6/2019,1670,1702,1641,1642
1/7/2019,1642,1675,1642,1675
1/8/2019,1675,1680,1672,1672
1/9/2019,1672,1678,1670,1678
1/10/2019,1678,1698,1678,1695
1/13/2019,1695,1710,1650,1709
1/14/2019,1709,1717,1680,1700
1/15/2019,1700,1780,1700,1752
1/16/2019,1752,1785,1741,1741
1/17/2019,1741,1764,1733,1755
1/20/2019,1755,1755,1750,1752
1/21/2019,1752,1752,1740,1743
1/22/2019,1743,1798,1743,1798
1/23/2019,1798,1814,1750,1775
1/24/2019,1775,1780,1753,1753
1/27/2019,1753,1753,1725,1731
1/28/2019,1731,1763,1725,1725
1/29/2019,1725,1759,1724,1728
1/30/2019,1728,1740,1706,1720
1/31/2019,1720,1734,1700,1729
2/3/2019,1729,1729,1702,1702
2/4/2019,1702,1722,1695,1695
2/5/2019,1695,1708,1695,1700
2/7/2019,1700,1700,1670,1670
2/10/2019,1670,1670,1606,1638
2/11/2019,1638,1699,1638,1640
2/12/2019,1640,1695,1640,1669
2/13/2019,1669,1669,1605,1605
2/14/2019,1605,1637,1600,1609
2/17/2019,1609,1609,1587,1593
2/18/2019,1593,1600,1576,1576
2/19/2019,1576,1650,1575,1650
2/20/2019,1650,1650,1588,1613
2/21/2019,1613,1620,1605,1605
2/24/2019,1605,1668,1595,1595
2/25/2019,1595,1620,1564,1605
2/26/2019,1605,1635,1590,1600
2/27/2019,1600,1630,1598,1604
3/3/2019,1604,1635,1597,1604
3/5/2019,1432.14,1460,1425,1425
3/6/2019,1425,1449,1422,1430
3/7/2019,1430,1500,1430,1459
3/10/2019,1459,1480,1455,1465
3/11/2019,1465,1490,1451,1465
3/12/2019,1465,1500,1465,1499
3/13/2019,1499,1499,1486,1497
3/14/2019,1495,1495,1471,1480
3/17/2019,1509,1509,1490,1504
3/18/2019,1534,1534,1490,1492
3/19/2019,1510,1510,1482,1485
3/21/2019,1504,1504,1487,1502
3/24/2019,1530,1530,1490,1495
3/25/2019,1480,1500,1480,1500
3/26/2019,1525,1525,1490,1490
3/27/2019,1500,1500,1485,1491
3/28/2019,1500,1500,1500,1500
3/31/2019,1500,1505,1480,1480
4/1/2019,1509,1509,1493,1495
4/2/2019,1524,1524,1494,1508
4/3/2019,1520,1520,1500,1508
4/4/2019,1520,1520,1496,1506
4/7/2019,1525,1525,1496,1505
4/8/2019,1510,1545,1509,1535
4/9/2019,1525,1525,1515,1520
4/10/2019,1535,1545,1520,1537
4/11/2019,1565,1565,1520,1545
4/15/2019,1555,1565,1535,1535
4/16/2019,1555,1580,1537,1555
4/17/2019,1586,1600,1540,1570
4/18/2019,1601,1632,1580,1582
4/21/2019,1613,1613,1573,1589
4/22/2019,1600,1632,1600,1623
4/23/2019,1623,1623,1592,1609
4/24/2019,1620,1620,1619,1619
4/25/2019,1632,1700,1632,1691
4/28/2019,1724,1860,1724,1860
4/29/2019,1897,1953,1825,1887
4/30/2019,1887,1911,1853,1875
5/2/2019,1877,1880,1856,1875
5/5/2019,1852,1870,1850,1855
5/6/2019,1860,1870,1855,1870
5/7/2019,1905,1905,1870,1885
5/8/2019,1908,1935,1871,1935
5/9/2019,1901,1925,1900,1902
5/12/2019,1930,1930,1895,1900
5/13/2019,1875,1915,1875,1897
5/14/2019,1880,1905,1880,1900
5/15/2019,1900,1900,1894,1895
5/16/2019,1890,1899,1890,1895
5/19/2019,1871,1890,1860,1872
5/20/2019,1853,1875,1853,1870
5/21/2019,1874,1925,1865,1925
5/22/2019,1919,1952,1901,1936
5/23/2019,1932,1932,1900,1910
5/26/2019,1910,1910,1892,1892
5/27/2019,1885,1918,1881,1906
5/28/2019,1940,1940,1895,1903
5/29/2019,1950,1950,1821,1823
5/30/2019,1914,1919,1793,1805
6/2/2019,1834,1834,1769,1769
6/3/2019,1804,1804,1735,1744
6/4/2019,1778,1778,1711,1721
6/6/2019,1713,1713,1675,1675
6/10/2019,1708,1730,1645,1645
6/11/2019,1677,1690,1648,1668
6/12/2019,1665,1665,1650,1658
6/13/2019,1690,1690,1643,1643
6/16/2019,1650,1670,1641,1660
6/17/2019,1650,1650,1603,1637
6/18/2019,1637,1640,1590,1590
6/19/2019,1618,1618,1618,1618
6/20/2019,1596,1619,1595,1606
6/23/2019,1609,1606,1575,1585
6/24/2019,1580,1589,1570,1576
6/25/2019,1576,1600,1576,1577
6/26/2019,1585,1599,1585,1599
6/27/2019,1590,1600,1590,1600
6/30/2019,1600,1600,1571,1590
7/1/2019,1575,1600,1561,1600
7/2/2019,1632,1640,1600,1620
7/3/2019,1652,1678,1620,1660
7/4/2019,1632,1680,1631,1651
7/7/2019,1620,1630,1605,1620
7/8/2019,1620,1620,1600,1610
7/9/2019,1642,1642,1595,1601
7/10/2019,1632,1632,1600,1619
7/11/2019,1619,1630,1595,1600
7/14/2019,1632,1632,1595,1615
7/15/2019,1619,1619,1597,1615
7/16/2019,1601,1601,1599,1600
7/17/2019,1617,1620,1601,1620
7/18/2019,1610,1615,1602,1602
7/21/2019,1609,1609,1594,1599
7/22/2019,1600,1600,1580,1580
7/23/2019,1599,1599,1567,1571
7/24/2019,1580,1599,1577,1597
7/25/2019,1187.71,1187.71,1187.71,1177
7/28/2019,1177,1177,1136,1137
7/29/2019,1140,1159,1137,1140
7/30/2019,1140,1140,1132,1133
7/31/2019,1130,1144,1130,1144
8/1/2019,1140,1144,1139,1139
8/4/2019,1150,1160,1133,1160
8/5/2019,1150,1155,1144,1144
8/6/2019,1141,1145,1141,1142
8/7/2019,1155,1155,1147,1147
8/8/2019,1145,1151,1143,1143
8/11/2019,1135,1143,1132,1135
8/12/2019,1140,1145,1130,1145
8/13/2019,1145,1147,1125,1125
8/14/2019,1130,1140,1115,1140
8/15/2019,1140,1140,1125,1138
8/18/2019,1125,1125,1120,1120
8/19/2019,1102,1129,1102,1120
8/20/2019,1129,1129,1116,1116
8/21/2019,1116,1116,1114,1114
8/22/2019,1113,1113,1110,1110
8/25/2019,1090,1098,1080,1098
8/26/2019,1080,1087,1040,1087
8/27/2019,1094,1094,1073,1080
8/28/2019,1071,1075,1060,1075
8/29/2019,1071,1075,1061,1061
9/1/2019,1046,1046,1019,1039
9/2/2019,1022,1022,1002,1017
9/3/2019,1001,1019,995,1019
9/4/2019,1015,1028,1015,1028
9/5/2019,1015,1024,1015,1024
9/8/2019,1004,1040,1004,1040
9/9/2019,1040,1040,1000,1001
9/10/2019,986,1001,982,1001
9/11/2019,995,995,995,995
9/12/2019,990,1014,985,1014
9/15/2019,1005,1005,985,995
9/16/2019,985,985,976,976
9/17/2019,989,1009,976,1009
9/18/2019,1025,1041,1005,1041
9/19/2019,1045,1061,1015,1015
9/22/2019,1015,1015,981,1014
9/23/2019,1024,1024,1004,1004
9/24/2019,1008,1008,990,990
9/25/2019,980,996,977,996
9/26/2019,985,1004,985,1004
9/29/2019,991,1000,990,1000
9/30/2019,997,998,996,998
10/1/2019,1004,1004,995,1000
10/2/2019,1000,1000,998,998
10/3/2019,987,999,985,999
10/10/2019,981,981,981,981
10/14/2019,985,985,980,980
10/15/2019,995,995,977,993
10/16/2019,978,988,960,988
10/21/2019,991,991,969,980
10/22/2019,991,991,972,987
10/23/2019,980,990,970,980
10/24/2019,989,1020,989,1000
11/3/2019,1001,1001,1000,1000
11/4/2019,1000,1000,980,997
11/5/2019,998,998,982,990
11/6/2019,996,996,992,992
11/7/2019,990,990,985,988
11/10/2019,982,982,980,980
11/11/2019,999,999,980,998
11/12/2019,998,998,998,998
11/13/2019,981,982,980,982
11/14/2019,972,980,965,978
11/17/2019,995,995,995,995
11/18/2019,990,990,973,990
11/19/2019,980,990,971,990
11/20/2019,990,1008,953,955
11/21/2019,974,974,936,970
11/24/2019,955,955,902,928
11/25/2019,912,928,892,915
11/26/2019,928,928,910,915
11/27/2019,910,915,907,915
11/28/2019,900,928,900,925
12/1/2019,910,949,900,949
12/2/2019,931,931,913,913
12/3/2019,920,936,918,925
12/4/2019,925,962,918,954
12/5/2019,968,978,956,978
12/8/2019,959,970,959,969
12/9/2019,981,995,971,990
12/10/2019,971,999,965,998
12/11/2019,1002,1010,979,1000
12/12/2019,1004,1076,1000,1060
12/15/2019,1039,1055,1015,1026
12/16/2019,1040,1040,1000,1000
12/17/2019,1000,1022,1000,1019
12/18/2019,1000,1029,999,1029
12/19/2019,1009,1009,989,1007
12/22/2019,1020,1020,989,989
12/23/2019,1008,1028,998,1025
12/24/2019,1005,1040,1005,1035
12/25/2019,1045,1045,1020,1025
12/26/2019,1025,1030,1015,1028
12/29/2019,1035,1060,1028,1045
12/30/2019,1050,1109,1039,1100
12/31/2019,1115,1122,1080,1105
1/1/2020,1088,1117,1087,1090
1/2/2020,1082,1099,1073,1074
1/5/2020,1078,1109,1078,1098
1/6/2020,1096,1105,1096,1099
1/7/2020,1095,1107,1095,1101
1/8/2020,1115,1119,1090,1090
1/9/2020,1100,1110,1100,1110
1/12/2020,1110,1185,1110,1185
1/13/2020,1208,1208,1160,1169
1/14/2020,1146,1168,1146,1160
1/15/2020,1159,1159,1120,1140
1/16/2020,1140,1198,1140,1198
1/19/2020,1198,1261,1198,1254
1/20/2020,1252,1252,1157,1220
1/21/2020,1205,1230,1181,1225
1/22/2020,1220,1272,1201,1230
1/23/2020,1254,1274,1235,1253
1/26/2020,1229,1237,1213,1228
1/27/2020,1229,1245,1203,1230
1/28/2020,1254,1277,1227,1264
1/29/2020,1270,1279,1240,1255
1/30/2020,1255,1276,1250,1250
2/2/2020,1275,1275,1241,1250
2/3/2020,1260,1260,1235,1246
2/4/2020,1249,1249,1225,1230
2/5/2020,1217,1231,1217,1231
2/6/2020,1231,1234,1216,1216
2/9/2020,1234,1234,1209,1230
2/10/2020,1250,1250,1215,1215
2/11/2020,1239,1239,1210,1210
2/12/2020,1234,1238,1222,1230
2/13/2020,1250,1275,1236,1245
2/16/2020,1255,1350,1249,1326
2/17/2020,1352,1401,1352,1393
2/18/2020,1390,1404,1366,1390
2/19/2020,1406,1407,1372,1390
2/20/2020,1405,1505,1400,1505
2/23/2020,1505,1550,1485,1490
2/24/2020,1518,1529,1500,1510
2/25/2020,1491,1661,1480,1660
2/26/2020,1689,1752,1674,1740
2/27/2020,1706,1755,1672,1738
3/1/2020,1706,1738,1630,1632
3/2/2020,1576,1620,1520,1520
3/3/2020,1470,1599,1462,1570
3/4/2020,1539,1580,1462,1490
3/5/2020,1475,1514,1446,1500
3/10/2020,1575,1575,1350,1350
3/11/2020,1377,1438,1354,1434
3/12/2020,1450,1450,1374,1400
